Designation,Email,Linkedin Connect,Met / Connected,Name,Organisation,Phone,Sl No,Type
Partner,,,,AA_AMG,Jaavi,,1,
,,1554076800000,,AA_Archana,,,2,
Head Hunter,,,,AA_Josheita Mohan,,,3,
Self,,,,AA_KC,Self,,4,
Punter,,1554076800000,,AA_Shiva Kumar,,,5,
Senior Principal ,,,,AA_VinoD Giri,NIIF,,6,
Lawyer,,,,AAA_Chandra Reddy,Australia,,7,
,,,,AAA_Dad,GMR,,8,
,,,Yes,AAA_GammaKryptonite,,,9,
,,,Yes,AAA_GammaMetaRho,,,10,
"Associate, Corporate Finance Division",,1290124800000,,"Aakash Bhatia, CFA",BMO Financial Group,,11,
Managing Director - Corporate Finance,,1545523200000,,Aakash Desai,Standard Chartered Bank,,12,
Director - Asian Investment Banking Division,,1306713600000,,Aakash Swaroop,MUFG,,13,
Investment Professional,,1307664000000,,Aarthi Ramasubramanian,Gray Matters Capital,,14,
Co Head - Structured Finance and FSG,,,,AAW_Ganesh Bagree,SIFL,,15,
Partner,,1344211200000,,Abhay Anand,Grant Thornton,,16,
CEO,,1317513600000,,Abhay Garg,BayTree,,17,
Chief Strategy Officer/President Business Strategy,,1513728000000,,Abhijit Gulanikar,SBI Life Insurance Co. Ltd.,,18,
"Sector Leader - Power & Renewable Energy, Project Finance Group",,1413244800000,,Abhinav Manchanda,HDFC Bank,,19,
Co-Founder and CEO,,1418342400000,,Abhinav Sharma,Riemann Strategic Research & Consulting Pvt Ltd,,20,
Partner,,1524182400000,,Abhinay Tiwari,JPIN London (JPIN CAP Ventures),,21,
Director,,1260144000000,,Abhishek Goel,Global Infrastructure Partners,,22,
Director of Growth,,1262736000000,,Abhishek Mohan,Legree Ltd. (Beat My Team),,23,
Investment Principal at SIDBI Venture Capital Ltd.,,1351728000000,,Abhishek Mudafale,SIDBI Venture Capital Ltd,,24,
CFO,,1393804800000,,Abhishek Sharma,T24 (Future Group),,25,
Principal Consultant- Renewables & Investment (EMEA Coverage) ,,1547596800000,,Adit Mehta,NextWave Partners,,26,
Vice President,,1241049600000,,Aditi Gupta,State Street,,27,
Partner - India,,1255478400000,,Aditya Aggarwal,Global Infrastructure Partners,,28,
Director,,1455235200000,,Aditya Bawari,Vergent Advisors Private Limited,,29,
Partner,,1228089600000,,Aditya Karwa,JIPL Capital Services,,30,
Asset Management,,1508976000000,,Aditya Menon,IndoSpace Capital Advisors,,31,
Director,,1345593600000,,Aditya Mody,Mandala Capital,,32,
Head - Strategy and Fund Raising,,1304121600000,,Aditya Sanghavi,Greenmint Power,,33,
Partner,,1398988800000,,Adrian Mucalov,Actis,,34,
,,1550620800000,,AJ Patel,Setter Inc,,35,
Founder & Managing Partner,,1275782400000,,Ajay Jain,JurisPrudent Consulting Partners,,36,
Chairman & Managing Director,,1526860800000,,AJAY JAIN,Monal Capital Pvt Limited,,37,
Partner,,1308096000000,,Ajay Lakhotia,Imprints Hedge Fund,,38,
Board Member,,1323907200000,,Ajay Mahipal,Frontizo,,39,
"Co-Head, Investment Banking",,1323648000000,,Ajay Parmar,Emkay Global Financial Services Ltd,,40,
"Senior Associate - Venture Debt, Real Estate Debt and Structured Debt Investments ",,1488240000000,,Ajay Rao,BlackSoil Capital Private Limited,,41,
Director ,,1262822400000,,Ajaypal s Randhawa,The Graphene Corporation (TGC) UK,,42,
DGM,,1421884800000,,Ajit Garg,Entura,,43,
Managing Director and Co-founder,,1470096000000,,Ajit Sahu,Indusion Consulting,,44,
Director of Strategy & Development,,1213574400000,,Alasdair Maclay,The Rhodes Trust ,,45,
"Investing , Financial services, DTC, S2S ,KTT, MT103/202 Receiver",,1436227200000,,Ali Aghdam,Sara investment company,,46,
Founder,,1253664000000,,Alok Prusty,Epsilon Advisor,,47,
Executive Director,,1270425600000,,Alok Verma,Kotak Investment Banking,,48,
CEO,,1229904000000,,Ambar Maheshwari,Indiabulls Private Equity,,49,
Partner,,1228780800000,,Amit Bansal,Deloitte Touche Tohmatsu India LLP,,50,
Director - Investments,,1215993600000,,Amit Dand,Tano Capital,,51,
Director,,1477440000000,,Amit Goyal,Ethos Capital Advisors,,52,
Head,,,,Amit Gupta,Blackstone India,,53,
Managing Director,,1451433600000,,Amit Hirawat,India Value Fund,,54,
Chief Executive Officer,,1286236800000,,Amit Kulshreshtha,Capital India Finance Limited,,55,
Principal,,1212278400000,,Amit Lodha,KKR & Co. L.P.,,56,
"Deputy Zonal Head - West & Assistant Vice President, Project & Structured Finance",,1282435200000,,Amit Mittal,Aditya Birla Finance Limited,,57,
Founder and Director,,1401235200000,,Amit Patni,RAAY Global Investments Pvt Ltd,,58,
Principal Associate,,1497916800000,,Amit Prakash,Dhir & Dhir Associates,,59,
Executive Director,,1493424000000,,Amit Raje,Goldman Sachs,,60,
EVP - Special Assets Group,,1225497600000,,Amit Shah,IL&FS Financial Services Ltd (IFIN),,61,
General Manager - Projects,,1220918400000,,Amit Shah,Vedanta Limited,,62,
Chartered Accountant,,1277337600000,,Amit Thakkar,CA. Amit Thakkar,,63,
Senior Vice President - Real Estate Funds,,1213142400000,,Amit Thakkar,Indiabulls Asset Management,,64,
"Partner, Markets",,1379894400000,,Amit Tulsian,KPMG India,,65,
President,,1309910400000,,Amitabh Bhargava,Deepak Fertilisers And Petrochemicals Corp. Ltd.,,66,
Managing Partner,neeharamitabh97@gmail.com,1526515200000,,Amitabh Neehar,Excelor Law Offices,,67,
Chief Commercial Officer,,1548374400000,,Anand  S,Medley Capital LLC,,68,
Head- Real Estate,,1545350400000,,Anand Agarwal,IREP Credit Capital PVT LTD ,,69,
"Adviser, Formerly Chief Investment Officer",,1487808000000,,Anand Haridh,Bakrie & Brothers,,70,
Senior Vice President,,1262822400000,,"Anand JNS, CFA",GE Energy Financial Services,,71,
Director,,1400630400000,,Anand Mundra,Fairwinds Private Equity,,72,
Deputy General Manager,,1403395200000,,Anand Pande,ICICI Bank,,73,
Director,,1513641600000,,Anand Rajaram,Investec India,,74,
Mentor,,1404086400000,,Ananth Ravi,Self-employed,,75,
Principal Consultant _ Corporate and Infrastructure,,1313020800000,,Ananthakrishnan V,CARE Advisory,,76,
"Berkeley Energy, Investment Committee Member, Asia and Africa ",,1310688000000,,Andrew Reicher,Berkeley Energy,,77,
Head of Investment Banking,,1489622400000,,Aneesh Matapurkar,Industrial and Commercial Bank of China,,78,
AVP - Real Estate,,1465430400000,,Anil Kewalramani,A. K. CAPITAL FINANCE PRIVATE LIMITED,,79,
Senior Vice President - Treasury,,1412640000000,,Animesh Chatterjee,Fullerton India Credit Company Ltd.,,80,
Partner,,1496966400000,,Anip Sharma,L.E.K. Consulting,,81,
Associate Vice President,,1523232000000,,Anirban Das,Kotak Infrastructure Debt Fund,,82,
Partner,anish.thurthi@gmail.com,1380153600000,,Anish Thurthi,KPMG India,,83,
Executive Vice President,,1545350400000,,Anita Ferreira,IL&FS Financial Services Ltd (IFIN),,84,
Private Equity Advisory,,1219968000000,,Anjani Bagaria,Axis Capital,,85,
Partner,,1380758400000,,Ankit Majmudar,Platinum partners,,86,
Business Head,,1477440000000,,Ankur Dalwani,L&T Financial Services,,87,
Principal,,1474502400000,,"Ankur Jain, MS (Finance), CFA",KKR & Co. Inc.,,88,
Associate Director,,1385942400000,,Anshul Jain,High Street Corporate Advisors Private Limited,,89,
Principal,,1286236800000,,Anshul Jain,Lighthouse Funds,,90,
Regional Director,,1356220800000,,Anshul Lodha FRM,Michael Page,,91,
Co-Founder & President,,1446768000000,,"Anthony Ferrari, MSc MPA MBA",Crimson Asset Management,,92,
Senior Managing Partner,,1549843200000,,Anuj Ranjan,Brookfield Asset Management,,93,
"Regional Lead, South Asia, Fintech Investments & Senior Investment Officer",,1353110400000,,Anup Kumar Agarwal,International Finance Corporation,,94,
Managing Director,,1449446400000,,Anurag Agarwal,CLSA India Pvt Ltd,,95,
Partner,,1504569600000,,Anurag Dwivedi,Shardul Amarchand Mangaldas & Co,,96,
Domain Lead - Infotainment PMO,,1403740800000,,Anurag Goyal,General Motors,,97,
Consultant,,1297123200000,,Anusha G,PeopleConnect,,98,
Principal Investment Officer,,1336521600000,,Arun Kumar .,African Development Bank Group,,99,
Founder,,1500422400000,,Arun Malhotra,CapGrow Capital Advisors LLP,,100,
Director â€“ Investments (South Asia) - Equity and Debt,,1328832000000,,Arun Prakash Korati,CDC India Advisers Private Limited,,101,
Director,,1306281600000,,Arun Ramachandra,Etsinta Advisory Pvt Ltd,,102,
"Founder, CEO",,1222560000000,,Arun Sen,Coromandel Advisors Pte Ltd,,103,
Founder and Managing Director,,1213228800000,,Arunima Patel,iGenetic Diagnostics Pvt Ltd,,104,
"Advisor, Strategy and Finance",,1399939200000,,Arunsagar Adagiri,GMR Group,,105,
Member of Board of Governors,,1399939200000,,Arvind Mahajan,Indian Institute of Management Kashipur,,106,
Vice President,,1498694400000,,Arvind Tembhurne,Sirocco ,,107,
"Partner, Head South Asia, Private Equity",,1451952000000,,Asanka Rodrigo,Actis,,108,
Vice President (Project Finance),,1274227200000,,Ashish Golechha,Essel Infraprojects Ltd.,,109,
Partner,,1348099200000,,Ashish Jain,WaterBridge Ventures,,110,
Associate Principal,,1393459200000,,Ashish Jindal,Piramal Capital & Housing Finance,,111,
Managing Partner,,1551139200000,,Ashish Kapoor,Aten Partners,,112,
Founder,,1550448000000,,Ashish Singodia,Lucid Advisory,,113,
Vice President,,1266710400000,,Ashish Sureka,IDFC Capital Limited,,114,
Managing Director,,1363910400000,,Ashish Tiwari,Vena Energy,,115,
MD,,1448064000000,,Ashok Goyal,Jyoti Structures Ltd,,116,
Vice President (Commercial & Business Developement),,1370390400000,,Ashok Kumar Prusty,Universal Crescent Power Private Limited,,117,
General Manager -  AOCC,,1549497600000,,Ashok Madhu Reddy MMS IAP,GMR Delhi International Airport Ltd,,118,
Managing Partner,,1334534400000,,Ashok Shinkar,Strugence Capital Advisors LLP,,119,
Director,,1544486400000,,Ashok Subramanian,"WiseLane Ventures Pvt Ltd.,",,120,
Project Director,,1518307200000,,Ashu Agrawal,Venture Capital & Govt Advisory,,121,
Managing Director,,1380499200000,,Ashutosh Agarwal,Tesca Technologies Pvt. Ltd.,,122,
Senior Advisor,,1333065600000,,Ashutosh Agarwala,Duff & Phelps,,123,
Founder MD,,1330300800000,,Ashutosh Jatia,Emerys Holding Group,,124,
Vice President and Group HR Head,,1522195200000,,Ashutosh Kumar,RSPL Group,,125,
"Managing Director, Investment Banking ",,1351296000000,,Ashwani Ahuja,Country Group Securities Public Company Limited,,126,
,,1472601600000,,Ashwin Mehta,Pankti Management Consultancy Pvt Ltd,,127,
Director General,,1471564800000,,Ashwinkumar Khatri,Misssion Energy Foundation,,128,
Vice President,,1496880000000,,Asish Chhabra,MACQUARIE INFRASTRUCTURE AND REAL ASSETS,,129,
Investment Director,,1378684800000,,Aswini Sahoo,Edelweiss Financial Services,,130,
Director,,,,Aswini Sahoo,SAMENA,,131,
CEO,,1382745600000,,Ateesh Samant,IL&FS Wind Power Services Ltd,,132,
CEO,,1508976000000,,Athar Shahab,Nabha Power Limited (Wholly Owned Subsidiary of Larsen & Toubro Limited),,133,
Founding Partner,,1403740800000,,Avishek Gupta,Optimus Resolution and Restructuring Advisors LLP ,,134,
Vice President & Head International Business Development,,1295568000000,,Avneet Singh Vohra,Sterlite Power Transmission Limited,,135,
CEO,,1518652800000,,Ayman Sejiny,Financial Institutions,,136,
GM,,1452643200000,,BABJI MS,RIL,,137,
Director of Finance and Administration,,1259971200000,,Balwinder Panesar,Summit Global Power - Abu Dhabi (wholly owned subsidiary of Sumitomo Corporation),,138,
Operation,,1345593600000,,Bangesh Chakrabarti,Private,,139,
Advisor,,1253145600000,,Banuchandar Nagarajan,Government of India,,140,
Director Investment Banking,,1428883200000,,Bassem Sabry,Prime Capital,,141,
EVP & Head - Domestic Mines,,1423526400000,,BCK Reddy,GMR Energy Limited,,142,
Managing Partner,,1453334400000,,Benoy Varghese,Mulberry Advisors,,143,
Sr Manager,,1481932800000,,Bhakti D Shah,Nine Rivers Capital,,144,
Managing Partner,,1257638400000,,Bharat Rao,Capital Square Partners,,145,
Managing Director,,1406246400000,,Bharat Singh,LOTUS TRIDENT DEVELOPMENT LTD,,146,
Chief Executive Officer,,1515369600000,,Bhavesh A. Shah,Avener Capital,,147,
Chief Operating Officer - Advisory and Partner - Deal Advisory,,1401235200000,,Bhavik Damodar,KPMG India,,148,
Founder - FinREQ,,1504569600000,,Bhavik Mehta,FinREQ,,149,
Senior Manager,,1534118400000,,Bhupendra Yadav,iDeCK - Infrastructure Development Corporation (Karnataka) Ltd.,,150,
"Infrastructure finance-Structure funding -Roads,  Renewable,  Mining,",,1491436800000,,Bikash Singh,Reliance Capital,,151,
Managing Director,,1523232000000,,Bill Wren,Wren Capital,,152,
Head - Investor Relations,,1537920000000,,Bimal Giri,IDFC Group,,153,
Managing Partner,,1494460800000,,Bina Trivedi,IL&FS Investment Managers Ltd,,154,
Executive Director,,1496534400000,,Binesh Balan,Arkstons Advisory WLL,,155,
Principal,,1212969600000,,Binit Saraf,Motilal Oswal Real Estate Fund,,156,
Managing Director,,1398643200000,,Binoy Mishra,Global Energy & Infrastructure Capital,,157,
CEO,,1504569600000,,Brian A. Gilmore,Patrician Capital Management,,158,
Associate Director - Investment Banking,,1507593600000,,CA.Atul Thakkar,Anand Rathi Financial Services Limited,,159,
Office Manager,,1311811200000,,Carie How,The Riverside Company,,160,
Consultant,,1227657600000,,Carl DeRosa,Consultant: Energy Industry,,161,
Director of Development Engineering,,1333411200000,,Carlos Campo,IC Power,,162,
Director Development Engineering,,1258934400000,,Carlos Campo,INKIA Energy,,163,
"Director, Rewards and Carry",,1532390400000,,Catherine Matthews,ACTIS LLP,,164,
Partner,,1526860800000,,Celina Xiong,Pacific Global Capital Partners Group,,165,
Senior Vice President,,1417651200000,,Chaitanya Talwalkar,Axis Bank,,166,
Managing Director - India,,1232582400000,,Chan Chakravarti,IvanhoÃ© Cambridge,,167,
Advisor to Corporate Chairman,,1551139200000,,Chandra Sekar Reddy,GMR Infrastructure,,168,
Project Engineer (Consultant) / Construction Manager / Company Site Representative,,1398902400000,,Chandra Singh,BG Group,,169,
"Location Head, McKinsey Knowledge Center",,1253145600000,,Chandrasekar V,McKinsey & Company,,170,
CEO - Renewable Energy ,,1510185600000,,Chaturvedi Sanjay,Macquarie Group,,171,
Partner,,1417651200000,,Chetan Khandhadia,Grant Thornton India LLP,,172,
"Director, Infrastructure Transactions",,1512864000000,,Chirdeep Bagga,Caisse de dÃ©pÃ´t et placement du QuÃ©bec (CDPQ),,173,
Director Human Resources,,1328486400000,,Chitbhanu Nagri,Moonfrog Labs,,174,
Chief Financial Officer,,1290297600000,,Chris Roling,Coinme,,175,
Visiting Research Associate,,1334880000000,,Christopher Brain,King's College London,,176,
Director,,1316476800000,,Christopher Morris,Africa Advisory Partners,,177,
,,,,Cyrus Driver,Partners Group,,178,
Executive Vice President,,1400284800000,,Daanish Varma,YES BANK,,179,
Senior Vice President,,1507334400000,,Danesh Chothia,Blacksoil Capital Private Limited ,,180,
Executive Director,,1213574400000,,Darshan Gangolli,ALTICO CAPITAL INDIA PRIVATE LIMITED,,181,
Founder Partner,,1328400000000,,Dattatray Pandit,Sapient Bridge Advisors LLP,,182,
Business Development Manager,,1501545600000,,Davey Smyth,Seaside Media,,183,
President,,1289088000000,,David Perry,Tecumseh Energy Services,,184,
Partner,,1479945600000,,Dean Collins,Dechert LLP,,185,
"Head - Corporate Finance (M&A, Structured Financing, Investor Relations)",,1331769600000,,Debangshu Sarkar,Narayana Hrudayalaya,,186,
Partner,,1398643200000,,Debasish Mishra,Deloitte,,187,
Executive Director,,1450742400000,,Debjeet Swain,O&M Solutions,,188,
Associate,,1334534400000,,Debobroto Das,Actis,,189,
"Faculty International Business & Strategy,Co Chairperson International Relations",,1313712000000,,Debraj Ghosal,S P Jain Institute of Management & Research (SPJIMR),,190,
Executive Director,,1314576000000,,Deepak Agrawala,Elara Capital,,191,
Chief Strategy Officer,,1438560000000,,Deepak Khetan,Smaaash Entertainment Pvt. Ltd.,,192,
Director,,,,Deepak Mittal,Avini Enterprises,,193,
Vice President,,1262390400000,,Deepak S Kumar,CEEKAY SHIPPING LLC/CEEKAY SHIPPING PTE - PAREKH GROUP,,194,
Group Managing Director,,1253145600000,,Deepak Sharma,Sarthi Advisors (P) Ltd.,,195,
"Executive Director, Investment Banking",,1276646400000,,Deepak Tomar,Nomura,,196,
Business Head - South Asia,,1231718400000,,Deepankar Khare,IQVIA,,197,
Managing Director,,1225324800000,,Deepesh Garg,o3 Capital,,198,
Business Partner,,1256428800000,,Deepti Singh,Pithoo Art & Craft Solutions Pvt. Ltd.,,199,
CTO,,1336521600000,,Desmond Murphy,Balmoral Capital,,200,
Director,,1295568000000,,Dev Bharat,Sanctus Rehabilitation Care Foundation ,,201,
Partner,,1402012800000,,Devina Choudhary,White Flash Trading LLP,,202,
Vice President SRM- Corporate & Investment Banking Group,,1226188800000,,Dhananjay Sinha,Mashreq Bank,,203,
Managing Partner,,1551139200000,,Dhanpal Jhaveri,Everstone Capital - Private Equity,,204,
Partner,,1386115200000,,Dhanraj Bhagat,Grant Thornton India LLP,,205,
Associate Partner,,1353196800000,,Dilip Dusija,EY,,206,
VP and Head Corpoarte Finance,,1414108800000,,Dinesh Jain,JSW Steel Ltd,,207,
Associate,,1402185600000,,Dinesh loya,Asia Climate Partners,,208,
Senior Lead Analyst,,1297123200000,,Dinesh Sridhar,Beroe Inc,,209,
Managing Director,,1266883200000,,Dinesh Tiwari,Broad Peak Capital Advisors LLP,,210,
Vice President - Life Sciences Business Advisory,,1253750400000,,Dipankar De,Sathguru Management Consultants,,211,
Managing Partner & Principal Consultant,,1334102400000,,Dipesh Dipu,Jenissi Management Consultants - Energy & Resources focused consulting firm,,212,
Director - HR Business Partner - Strategic global Delivery Centres,,1254355200000,,Divya Menon,UBS,,213,
Managing Partner,,1317168000000,,Dominique Candrian,EIC Partners AG,,214,
Director,,,,Donald Peck,IDFC ,,215,
Managing Director and Chief Executive Officer,,1315094400000,,Dr Jayakumar,Vizhinjam International Seaport Limited (A Government of Kerala Undertaking),,216,
Energy Law Adviser,albania.energy.blog_lg@albaniaenergy.org,1541808000000,,Dr Lorenc Gordani (Energy Blog),Freelance/Contract ,,217,
"Head Of Strategic Finance, M&A and IR",,1438905600000,,Drupad Upadhyaya,Nitesh Estates,,218,
Partner,,1215993600000,,DUSHYANT DAVE,D C Dave & Co.; Cost Accountants,,219,
"Senior Vice President, Asset Management",,1311120000000,,Ed Barndt,Rockland Capital,,220,
Director,,1251763200000,,Eduardo Bozo,Actis,,221,
Managing Partner,,1348099200000,,Ehab Shoukry,G Capital,,222,
Vice President,,1333065600000,,Ekalabya Kumar,J.P. Morgan,,223,
Sales,,1351296000000,,Emma Ayton,Zeus Capital,,224,
Director of Strategy & Growth,,1481932800000,,Eric Butler,Capgemini,,225,
Board Member and Director,,1448496000000,,Eugenia Adofo,AAA Infrastructure Limited,,226,
Country Manager (Bangladesh),,1277856000000,,Faisal Chaudhury,Equicap Asia Pte Ltd,,227,
CEO & Founder,,1295568000000,,Femi  Awofala,Brickstone Africa,,228,
Partner,,1253664000000,,G Rathinam,Actis,,229,
Executive Director,,1398643200000,,G V Kumar,TVS Capital Funds Limited,,230,
Chief Technology Officer,,1309737600000,,Gabriel Durai,Actis,,231,
Head of Corporate Finance,,1457308800000,,Gagan Baya,"ECL Finance Ltd., Edelweiss",,232,
Director - Global Investments,,1253491200000,,Gagan Seksaria,Red Sea Gateway Terminal,,233,
Consultant,,1315094400000,,Ganesh Ganpati,Independent Financial Consutant,,234,
Senior Manager - Human Resources,,1223078400000,,Garima Taneja,Oxford University Press,,235,
Managing Partner,,1260921600000,,Gaurav Asthana,Transjovan Capital Advisors LLP,,236,
Executive Vice President - Digital Strategy,,1220313600000,,Gaurav Bhojak,IIFL (India Infoline Group),,237,
Senior Investment Professional,,1381795200000,,Gaurav Bhurat,3i Group plc,,238,
"Director, Structured Investments Group",,1259107200000,,Gaurav Chandna,Piramal Enterprises Limited,,239,
Investment Banking Associate,,1287360000000,,Gaurav Dayal,Credit Suisse,,240,
Managing Director,,1365638400000,,Gaurav Jain,"XIB Capital Partners, Inc.",,241,
General Manager,,1336521600000,,Gaurav Khanna,Tata Realty & Infrastructure Limited,,242,
Chief Financial Officer,,1244332800000,,Gaurav Seth,Eko India Financial Services Private Limited,,243,
Managing Partner,,1297123200000,,Gaurav Shah,MentorPrise Asia,,244,
"Co-Head, Equity Capital Markets",,1533168000000,,Gaurav Sood,ICICI Securities,,245,
Dty. Vice President - Global Remittances | Transaction Banking Group,,1379894400000,,Gaurish Vadhavkar,IndusInd Bank Ltd,,246,
Founding Partner,,1405296000000,,Gautam Bhandari,I Squared Capital,,247,
Associate Director,,1234137600000,,Gautam Jain,EDELWEISS ALTERNATIVE ASSET ADVISORS LIMITED,,248,
"Director, Corporate Finance, Asia",,1220400000000,,Gautam Marathe,First Abu Dhabi Bank,,249,
Associate Director,,1253750400000,,Gautam Shanbhag,KPMG India,,250,
Partner - Tata Opportunities Fund,,1253664000000,,Gautham Radhakrishnan,Tata Capital,,251,
Editor Education ,,1470096000000,,Gayatri Ramanathan,Business Standard,,252,
Founder Director,,,,Geeta Dang,TALENT ADVISORY SERVICES,,253,
Vice President,,1214784000000,,Geetali Kumar,DEG,,254,
Partner,,1464998400000,,George Abraham,Sarthena Advisors LLP,,255,
Partner,,1493769600000,,George Ganey,Ganey Law Group,,256,
Country Head,,1355616000000,,George Mathew,Haitong Securities India Private Ltd.,,257,
Senior Vice President,,1334016000000,,Girish Karira,GIC,,258,
President,,1212969600000,,Gitesh Kedia,YES BANK,,259,
Asst Manager,,1277856000000,,Gomes Clyde,Global Executive Search Firm,,260,
Founder & Principal Consultant,,1405555200000,,Gopalakrishnan K B,KBGopalAssociates,,261,
Assistant General Manager,,1494460800000,,Gopi Krishna,ICICI Bank,,262,
Manager - Global Leadership Hiring,,1294444800000,,Gorthi Nageshwar Rao,Techno Brain Limited,,263,
Founder,,1420588800000,,GS Tripathy,Ethica India Advisors,,264,
CHAIRMAN cum MANAGING DIRECTOR,,1515456000000,,GUMMADI VENKATESWERLLU,YOUVAAKSHI REFINERIES INDIA PVT LTD,,265,
Founder and Owner,,1312934400000,,Gurdip Wadhwa,G-Corp Media,,266,
Director,,1407283200000,,Gurpreet Kaur,Talent Bridge - Recruitment Services,,267,
Director,,1309737600000,,Gyanendra Thakur,Wood Mackenzie,,268,
Head- Channel Partners,,1221091200000,,Hanumanth Rao,Sharekhan,,269,
Director,,1529452800000,,Haresh Saraiya,JoinHandsHR Consulting Pvt. Ltd.,,270,
,,,,Hari Aiyer,Old Lane,,271,
Member of the Branch Committee,,1392595200000,,"Hari Krishna LLM, FCIArb",The Nautical Institute UAE Branch,,272,
Owner,,1259539200000,,Hari Prasad,GOWTHAMI PUMPS AND VALVES,,273,
Engineering & Design Manager,,1465430400000,,Harihar N Singh,Hindustan Construction Company,,274,
Director,,1228435200000,,Hariharan M,Savoir faire Management Services Pvt. Ltd,,275,
Managing Partner,,1333411200000,,HariKrishnan S,Blue Lotus Capital,,276,
Managing Director,,,,Harish Chandra Prasad Y,Malaxmi,,277,
Independent Director,,1454889600000,,Harsh Shrivastava,MICRO UNITS DEVELOPMENT & REFINANCE AGENCY LIMITED,,278,
Deputy Manager- Finance,,1312848000000,,Harsh Yadav,Actis Global Services Pvt Ltd,,279,
"Senior Credit Officer, Corporate Banking UAE, Saudi Arabia, DIFC & MENA Non Presence Countries",,1327881600000,,Harsimrat Singh,Standard Chartered Bank,,280,
Chief Operating Officer -Hydro,,1455580800000,,harvinder manocha,GMR Energy,,281,
Sr. Vice President Times Network & Business Head - Times Influence,,1528761600000,,Hemant Arora,Times Television Network,,282,
Chief Executive,,1213660800000,,Hemant Ayyappan,Aadjishem Finance,,283,
Senior Associate,,1233705600000,,Hemant Khatwani,ePlanet Capital,,284,
Chief Financial Officer,,1392940800000,,hemant thanvi,Mytrah Energy,,285,
Managing Director,,1228694400000,,Hetal Gandhi,Tano India Advisors,,286,
Senior Manager Business Development,,1515974400000,,Himanshu Makhijani,Skeiron Renewables Energy Pvt. Ltd. ,,287,
Senior Vice President,,1215302400000,,Himanshu Mehrotra,DBS Bank,,288,
Sr. Manager - Credit Control & Administration,,1435276800000,,Hiren D Raval,India Factoring and Finance Solutions Private Limited (A Member of the FIMBank Group),,289,
Owner,,1496880000000,,Hiten Shah,MSK Capital Ventures,,290,
Independent Director,,1399248000000,,Hiten Shah,STEPS w2v Pvt Ltd,,291,
"Head : Channel Business - INDIA, Bhutan & Nepal",,1246060800000,,Hitender Grover,Thermax Limited,,292,
Senior Strategy Management Consultant(L&T Power),,1306713600000,,Hitesh Dave,Larsen & Toubro Limited,,293,
Partner,,1331251200000,,Hitesh Sachdeva,KPMG India,,294,
Head Of Operations - PAS,,1213228800000,,Hitesh Sethi,Dun & Bradstreet,,295,
Co-Founder & Director,,1518220800000,,Homer Paneri,iGenetic Diagnostics,,296,
Asst. Vice President - Structured Finance & Debt Syndication,,1517788800000,,Hormaz Pithawala,Tata Capital,,297,
General Manager Production Shipbuilding &Refits,,1453507200000,,Hrishikesh Narasimhan,Larsen & Toubro Shipbuilding Ltd.,,298,
"Head - Regional CEO Office, Africa and Middle East",,1221350400000,,Ian Fernandes,Standard Chartered Bank,,299,
"Executive Director, Commodity Finance",,1275782400000,,Ilyas Khan,Standard Chartered Bank,,300,
MD India,,1441670400000,,Inder Preet Singh,PGT Group,,301,
Managing Partner,,1350950400000,,indiran karalasingham,Karalasingham Associates,,302,
"Executive Assistant, Investor Development Group",,1264377600000,,Ingrid McCoy,Actis,,303,
CIO - Affordable Housing Fund,,1334534400000,,Irfan A. Kazi,SBICAP VENTURES LIMITED,,304,
Head - Enterprise & SaaS Business,,1367798400000,,Irfan Khan,Browntape Technologies,,305,
Secretary at U.B.M.M BJP,,1417737600000,,Irtesh mishra,BJP Mumbai,,306,
Debt Syndication and Private Equity,,1229558400000,,Ishani Malik,Reverence,,307,
Partner,,1513728000000,,J Suresh kumar,Artha Arbitrage Consulting Llp,,308,
Associate Partner,,1345593600000,,Jacob George,Accord Group India,,309,
Managing Director,,1401667200000,,Jag Dhaliwall,Principle Partners,,310,
Senior Vice President and Head of Research,,1329782400000,,Jagannadham Thunuguntla,Centrum India,,311,
Vice President - Alternative Investment Fund,,1438905600000,,Jagdish Oberai,Edelweiss Financial Services,,312,
Head of Equity,,1509840000000,,Jaideep Goswami,ICICI Securities,,313,
"Director, Technical",,1253145600000,,Jake McConnell,Actis,,314,
Business Leader - Energy and Infrastructure,,1286236800000,,Jatin Kapoor,SecureNow Insurance Broker,,315,
Vice President Sales Trading,,1399939200000,,Jatin Mahendra Padharia,Phillip Capital India Pvt. Ltd.,,316,
CEO,,1258934400000,,Jay Singh,Hedgeness,,317,
Vertical Head Power( Senior Vice president),,1438560000000,,JAYANTA KUMAR PANIGRAHI,"ADITYA BIRLA, HINDALCO-Sr vice president ( head power) at Corporate Centre, Located at Mumbai",,318,
"Director, Nielsen Neuro",,1490140800000,,Jayati Basu,Nielsen,,319,
Manager,,1449273600000,,Jaydeep Thaker,IL&FS,,320,
Executive Vice President,,1399939200000,,"Jaydeep Thaker, CFA",YES BANK,,321,
Consulting,,1253404800000,,Jayeeta Shaikh,Dynamic Enterprise,,322,
Director,,1381363200000,,Jayesh Desai,Ayana Renewable Power Pvt Ltd,,323,
CEO,,1509580800000,,Jayesh Shah,Prism Cybersoft Private Limited,,324,
Engagement Manager/ Business Analyst,,1259452800000,,Jeff Childs,The Jupiter Group,,325,
Director,,1479081600000,,Jeffrey Berkowitz,Sostiler Technologies,,326,
Founder,,,,Jenniffer Mistry,Omegapoint,,327,
Investment Professional,,1546128000000,,Jigesh Doshi,SBI Funds Management Pvt. Ltd.,,328,
Chief Manager - Mergers & Acquisitions,,1290124800000,,Jignesh Bhayani,"Bennett, Coleman & Co. Ltd - The Times of India Group",,329,
Principal - Capital Advisory,,1323907200000,,"Jishnu Chittoor, CFA",Constance Capital & Consulting,,330,
CFO - Corporate Finance,,1334102400000,,Jitendra Jain,GMR Group,,331,
Executive Vice President,,1428969600000,,Jitendra Jain,YES BANK,,332,
Non Executive Director,,1361404800000,,Jitendra Pandit,ZF Steering Gear India Ltd,,333,
General Manager - Investment Analysis,,1318896000000,,John Mascarenhas,CLP Power India Pvt Ltd,,334,
Owner,,1528761600000,,Jonas Marrocu,EJB Trading AG,,335,
,,,,Jonathan Atkinson,Fotress Capital,,336,
Talent Acquisition Director / Global Head of Talent Acquisition,,1289952000000,,"Jonathan Gould,  MCIPD",SITA,,337,
General Counsel & Chief Operations Officer,,1289174400000,,Jonathan Hutchins,MedAccess.org,,338,
Director,,1348099200000,,joseph bhaskaran,"H I Talent Training , Hart India",,339,
Visiting Professor,,1481932800000,,Joseph Martin,"T.A.Pai Management Institute, Manipal",,340,
Forum Coordinator,,1409788800000,,Juhi Jain,Indian Coal Forum,,341,
Sr. Manager Commercial - Global Strategic Alliances & Product Development,,1423785600000,,Julka T.,Global Airport Services,,342,
Food Processing Equipments & Accessories manufacturers,,1338854400000,,K.Hari Prasad,GOWTHAMI PUMPS AND VALVES,,343,
Deputy Chief Financial Officer,,1401321600000,,Kailash Vaswani,ReNew Power Ventures,,344,
Business Head,,1398124800000,,Kalpesh Pathak,Do It Smart Infrastructure (India) Pvt Limited,,345,
Property & Real Estate Investments and Development,,1220400000000,,Kamal Sehgal,IKEA Group,,346,
"Director, IM Technology",,1224028800000,,Kamaljit Singh,Fidelity International,,347,
Director,,1411603200000,,Kamban S,Aquatherm Engineering consultants India P Ltd,,348,
Vice President - Projects,,1221091200000,,Kamlesh Jobanputra,Kotak Life Insurance,,349,
Finance Analytics,,1411948800000,,Kannan P.A.,Tata Consultancy Services,,350,
Postdoctoral Fellow,,1426204800000,,Kapil Narula,University of Geneva,,351,
Associate Investment Manager,,1421193600000,,Kapil Ostwal,Piramal Fund Management Pvt. Ltd.,,352,
"Executive Director, Co-Head - Digital & Technology Investment Banking",,1265328000000,,Karan Sharma,Avendus Capital,,353,
"Leveraged Finance, Africa and Europe",,1213488000000,,Karen Hadra,Standard Chartered Bank,,354,
Partner,,1521763200000,,Karl Cini,NEXIA BT,,355,
"Associate Director, Corporate Partnerships - Singapore, India & South Asia Sales Leader",,1345593600000,,Karthik Rajaraman,INSEAD,,356,
Investment Professional,,1496880000000,,Karthik Subramani,Brookfield Asset Management,,357,
Registered Insolvency Professional,,1410825600000,,Kashinath Palekar,Kashinath Palekar And Associates,,358,
Promoter & Senior Advisor,,1482105600000,,Kaushal Sampat,Rubix Data Sciences Private Limited,,359,
Officer on Special Duty (OSD) to the Hon. Chief Minister,,1339286400000,,Kaustubh Dhavse,Government of Maharashtra,,360,
"President HR - Essar Group, CEO- ECSLLP & CEO - Essar Foundation",,1509062400000,,Kaustubh Sonalkar,Essar,,361,
Consultant,,1426118400000,,Kavitha Subramanian,RKSV,,362,
Manager,,1254614400000,,"Kedia, Siddharth",Essar,,363,
Chair Of The Board Of Directors of Radisson Blu Azuri Resort & Spa,,1523232000000,,Kevin Teeroovengadum,Radisson Hotel Group,,364,
"Recruitment Head - ""C"" Consultancy",,1398124800000,,Khushi (Hiring for Sr. HR),Clements Consultancy Ltd,,365,
Principal Associate ,,1482192000000,,Khusnuma Nagwaswalla,IndusLaw,,366,
Corporate Chairman,,1551139200000,,Kiran Kumar Grandhi,GMR Infrastructure,,367,
Director,,1410480000000,,Kiran Malla,EY,,368,
"DGM, Corporate Strategy",,1233705600000,,Kishore Purohit,Nirlon Limited,,369,
Senior Business Development Manager,,1290729600000,,Kitty Chim,Aggreko,,370,
Senior Consultant,,1296691200000,,Komal Todankar,Indusion Consulting,,371,
Director,,1254268800000,,Koome Gikunda,Actis,,372,
AVP- Corporate Affairs,,1397865600000,,Krishna Kushwaha,Tata Asset Management Limited,,373,
Director - Sustainability & GRC,,1401667200000,,Krishna Murty,AgriLiving (E.A) Limited,,374,
Investment Analyst,,1518652800000,,Krishna Pathak,IFC - International Finance Corporation,,375,
Founder,,1536278400000,,Krishna PV,Siri Growth Fund,,376,
Associate Director Business Development,,1496966400000,,Kruti Rawal,CRISIL Limited,,377,
Global BU Service IS Manager - DMMG,,1476403200000,,kulman kapoor,ABB,,378,
"Project Finance Advisor (PFA for INDIA, AS-PEC)",,1481932800000,,Kumar  A. Shah,"Morgan Stearns Corp.,",,379,
Director Engagement,,1328486400000,,Kunal Ghosh,Accord Group India,,380,
Chief Business Officer,,1450396800000,,L V L N Murty,IFMR Rural Channels and Services,,381,
Managing Partner,,1252281600000,,L V N Muralidhar,Lastaki Advisors Private Limited,,382,
Partner,,1227657600000,,Labi Idan Williams,Kuramo Capital Management,,383,
CEO (Solar Int'l),,1528761600000,,Lalit Jain,Hindustan Powerprojects Private Limited,,384,
Associate Vice President,,1479081600000,,Laxman Negi,Srei Infrastructure Finance Limited,,385,
Business Head - ORIGINS,,1251158400000,,Lokanathan Nadar,Mahindra Lifespace Developers Ltd.,,386,
Lead. Process Engineer,,1253145600000,,Lopamudra Moulik,Jurong Aromatics Corporation,,387,
"Partner, Renewables",,1220659200000,,Lucy Heintz,Actis,,388,
Executive & Career Coach,,1333065600000,,Luis Moniz,FrontRunner Career Advisors,,389,
Managing Director,,1393372800000,,Luka Buljan,Berkeley Energy,,390,
Foreign Legal Consultant,,1482192000000,,Luke Devine,HHP Law Firm (member firm of Baker & McKenzie International),,391,
Partner,,1513123200000,,Luke Sterner,Metropolis Energy LLC,,392,
Chief Investment Officer,,1221609600000,,Luv Shah,Invel Real Estate Partners,,393,
"Manager, Resourcing, Human Resources ",,1341360000000,,Lynn Liu,Prudential Hong Kong,,394,
Head Of Treasury,,1441238400000,,M. Durai,NBFC - MFI,,395,
,,,,Madhu Therdal,GMR,,396,
Executive Director,,1227657600000,,Madhusudan Sharma,HomeCapital,,397,
Investment Principal,,1252022400000,,"Mahadevia, Viraj",Actis,,398,
CFS,,1336521600000,,Mahak Jain,BNP Paribas,,399,
Director,,1399161600000,,Mahendra Bisht,Global Infrastructure Partners India,,400,
Partner,,1481673600000,,Mahesh Chhabria,Actis,,401,
Director,,1531353600000,,Mahesh Krishnamurthy,"WiseLane Ventures Pvt Ltd.,",,402,
Director,,1336521600000,,Mahesh KS,Avista Corporate Finance Advisory Pvt. Ltd.,,403,
Senior Energy Advisor USAID Haiti,,1238803200000,,Mahmood Mir IEng  SenMWeldI,U.S. Agency for International Development Haiti,,404,
Chairman,,1400544000000,,Malvinder Singh,Founder & Chairman of SMD (P) Limited A JV Between EDF Energie Nouvelle & Sitac Group,,405,
"Principal - Strategy & Change, UK and Europe",,1329782400000,,Manas Nath,Tata Consultancy Services,,406,
Partner,,,,Manikkan Sangameswaran,ICICI Venture,,407,
Founder Director,,1398729600000,,Manikkan Sangameswaran,Origin Renewables Private Ltd.,,408,
Group Treasurer,,1496016000000,,Manindra Gupta,iGATE-Patni,,409,
,,,,Manish Agarwal,KPMG,,410,
"Partner, Infrastructure Advisory",,1460332800000,,Manish Agarwal,PricewaterhouseCoopers India,,411,
General Manager - IT,,1229558400000,,Manish Agrawal,Actis,,412,
Principal,,1487808000000,,Manish Baid,LibGem Solutions,,413,
Founder & Managing Director,,1368489600000,,Manish Chhajed,Sweat Equity Partners,,414,
Financial Analyst,,1415145600000,,Manish Choudhary,ENGIE,,415,
Director,,1362268800000,,Manish Gupta,Gazelle Internet OPC Pvt. Ltd.,,416,
Co-Founder & Partner,,1269302400000,,Manish Jain,Envint,,417,
Consulting Director,,1542758400000,,Manish Johari,Maple Capital Advisors,,418,
Deputy General Manager - Investor Relations,,1454889600000,,"Manish Kayal, CA, CFA",Larsen & Toubro,,419,
Managing Partner,,1489449600000,,Manish Malik,SkyRoute Capital,,420,
Director,,,,Manish Rajawat,Intellectual Capital,,421,
Marketing Head,,1236038400000,,Manish Samtaney,Weber-Stephen Products LLC,,422,
Global Breakfast Category-Innovation lead,,1220400000000,,Manish Sharma,Kellogg Company,,423,
Founder & CEO,,1368489600000,,Manishh Anand,Utilis Capital,,424,
Section Head - Revenue Assurance,,1547769600000,,MANOJ KUMAR SINGH,Ooredoo Oman,,425,
President & Chief Customer Service Executive,,1359331200000,,Manoj Motta,Banyan Resources - 'High Consumer Touch Point - Soft & Social Infrastructure,,426,
Vice President-International Solar & Wind,,1364601600000,,Manoj Verma,Moser Baer Clean Energy Limited,,427,
Founder and Managing Partner,,1327881600000,,Manu Chandra,Sauce.vc,,428,
Founder,,1538524800000,,Manu Talwar,United Machinery,,429,
Managing Director,,1312329600000,,manu trivedi,Vikram Logistic and Maritime Services Pvt. Ltd.,,430,
"SVP, Infrastructure Investments team",,1251417600000,,Manutosh Mathur,"Mariner Investment Group, LLC",,431,
Non Executive Director,,1334102400000,,Mark Pay,Globeleq,,432,
"Manager, Investment Attraction, Minerals and Energy",,1338854400000,,Mark Wadewitz,Investment Attraction South Australia,,433,
,,,,Mathew Lim,GIC,,434,
Director,,1303948800000,,Mayank Bansal,Global Infrastructure Partners,,435,
Managing Director,,1481932800000,,Mayank Garg,VLNG | Small Scale LNG,,436,
Director,,1455580800000,,Mayank Jain,PwC India,,437,
Independent Advisor and Director,,1398643200000,,Meb Somani,"State Oil Company, Oil Exploration Fund, Technology Company",,438,
Founder & Director,,1459123200000,,Meenakshi Ginodia Jalan,Inventivo India,,439,
Head - Capital Raising,,1224547200000,,Meghana Pandit,IndiGrid (Sterlite Power),,440,
Co-Founder & CEO,,1351123200000,,Merzi Sodawaterwala,Rockpool Recycling,,441,
Partner,,1234224000000,,Michael Harrington,Actis,,442,
"Partner, Co Head of Energy",,1379894400000,,Michael Till,Actis,,443,
CEO,,1334361600000,,Mickey V. Mehta,Chemical Finance Limited,,444,
"Chief Operating Officer, Asia",,1373241600000,,Mickey V. Mehta,Liberty Commodities,,445,
Partner,,1303948800000,,Mihir G. Shah,EY,,446,
"Partner, Head of Energy, member of Executive Committee",,1379721600000,,Mikael Karlsson,Actis,,447,
Vice President,,1222732800000,,Milan Kulkarni,WNS Global Services,,448,
Principal,,1253836800000,,Milind Agrawal,Global Infrastructure Partners India,,449,
Managing Director,,1322006400000,,Milind Gaharwar,Rhenus Logistics Pte Ltd,,450,
Partner,,1254441600000,,Milind Joshi,"Global Infrastructure Partners, India",,451,
Senior Product Manager,,1228435200000,,Minati Shah,Etrade Financial,,452,
Senior Legal Team Member ,,1465430400000,,Mini Gyan Gautam,L&T Financial Services,,453,
Head Syndications & Other Infra Sales,,1241654400000,,Mitheel Mody,Tata Cleantech Capital,,454,
Vice President- Corporate Finance & Treasury,,1375315200000,,Mithun Gole,CLP India Pvt. Ltd.,,455,
Founder,,1317513600000,,Mitin Jain,India SME Investments,,456,
,,1538611200000,,Mitin Shah,,,457,
CEO,,,,MK Sinha,IDFC Alternatives,,458,
Director,,1233705600000,,Mohan Srinivasan,Pictoris Consulting Private Ltd,,459,
Senior Partner,,1550707200000,,Mohit Saraf,L&L Partners,,460,
Assistant Vice President  - Fixed Income Advisory,,1453334400000,,Mounita Thakur,Spark Capital Advisors (India) Private Limited,,461,
Associate Director,,1335571200000,,Mufaddal Cementwala,Motilal Oswal Investment Advisors Private Limited,,462,
Chief Manager,,1348099200000,,Mukesh  Agarwal,Arcil,,463,
President,,1508889600000,,Mukesh Soni,AION Capital Partners,,464,
Director,,1368576000000,,Mukesh Tiwari,Actis,,465,
Chief Investment Officer,,1493078400000,,Mukund Kannappan,JM Financial Credit Alternatives,,466,
CEO,,1480636800000,,Mukundan K,UTI Capital Pvt Ltd.,,467,
,,,,Mukundan K,UTI Infra Fund,,468,
CEO,,1417392000000,,Muralidharan Krishnamoorthy,Karaikal Port,,469,
Assistant Vice President,,1533168000000,,Nagasiva  Kumara Swamy,SBI Capital Markets,,470,
Managing Partner,,1520985600000,,Nagesh Wagh,Vito India Advisors,,471,
Global Service Leader -Xpend Services,,1261353600000,,Nakul Sharma,Novartis,,472,
Head Of Investment Banking,,1533340800000,,Nalin Kumar,IDBI Capital Markets & Securities Ltd.,,473,
Director,,1412553600000,,Namit Arora,Standard Chartered Private Equity,,474,
Partner,,1543190400000,,Nanda Sethi,Positive Moves,,475,
Associate,,1408320000000,,Nandini Ravindranath,Steer,,476,
Financial Controller,,1307664000000,,Narasimha Rao Mantri,BluJay Solutions,,477,
Managing Director,,1359331200000,,Nardi Datcu,PRIOS Industry Systems & Services,,478,
Principal,,1534636800000,,Narendra Singh,KKR & Co. Inc.,,479,
Consultant,,1449273600000,,Naresh Malhotra,Independent accredited Consultant with several International consulting aggregators in Banking,,480,
Lead Architect - Cloud Tranformation,,1333065600000,,Naresh Mani,IBM,,481,
Chief Investment & Strategy Officer,,1323907200000,,Naveen Khandelwal,Hero Future Energies,,482,
Merchant Exporter (Agro based- Fruits/ Nuts/ Spices/Vegs) other Eco-Friendly/ Biodegradable Products,,1479081600000,,Naveen Krishna,Independent,,483,
Investment Professional,,1438041600000,,Navin Mishra,ENGIE,,484,
"Head - Infrastructure, Real Estate and Cement (Investment Banking - Corporate Finance)",,1466467200000,,Navneet Singh,HDFC Bank,,485,
Chief Operating Officer,,1397779200000,,Navneet Trivedi,Vrinda Inc,,486,
Senior Vice President,,1543449600000,,Nawal Saini,Brookfield Asset Management,,487,
Sr. Investment Manager (AGM),,1348099200000,,NEEL VORA,Network18 Media & Investments Limited,,488,
Analyst & knowledge Manager,,1308700800000,,Neepa Dalal,Actis,,489,
Partner,,1408752000000,,neeraj garg,PwC,,490,
Director,,1405641600000,,Neeraj Shrimali,Avendus Capital,,491,
Associate Principal,,1221696000000,,Neha Agarwal,Ikya Search Partners (Executive search division of Ikya Human Capital Solutions Pvt. Ltd.),,492,
Consultant,,1360022400000,,Neha Gupta,Cyril Amarchand Mangaldas,,493,
COO,,1344816000000,,Neha Manaktala,Brismo (AltFi Data),,494,
"Managing Director, Head of Investor Relations & External Affairs",,1299974400000,,Nia Gandy White,Astra Capital Management,,495,
Head of Private Placements,,1475625600000,,Nick Chronias,First Avenue Partners LLP,,496,
Head Structure Finance - Global,,1451433600000,,Niketa Kothari,Blend Financial Services Ltd,,497,
Partner and Head Forensic Services,,1446768000000,,Nikhil Bedi,Deloitte Touche Tohmatsu India LLP,,498,
Vice President,,1372809600000,,Nikhil Dawda,Motilal Oswal Financial Services Ltd,,499,
Chief Executive Officer,,1336521600000,,Nikhil Dhingra,Acme Solar Holdings,,500,
Executive Director,,1525737600000,,Nikhil Garg,BNP Paribas Securities India,,501,
Head Structured Credit & Political Risk,,1504569600000,,Nikhil Jain,Jardine Lloyd Thompson Asia,,502,
Vice President,,1444089600000,,"Nikhil kapoor, CFA",EY,,503,
Director,,,,Nikhil Shirodkar,GNV Right Select,,504,
"Head,Business Development-BFSI",,1292284800000,,Nilesh Wani,Datamatics Staffing,,505,
Managing Director,,1315094400000,,Nimesh Shah,Percipient Capital Advisors,,506,
Managing Director,,1300924800000,,Niren Shah,Bishop Rock Consulting Private Limited,,507,
General Manager - Project Finance ,,1364774400000,,Nishant Bachkheti,Hero Future Energies,,508,
Corporate Banking Professional,,1550102400000,,nishant singh,HSBC,,509,
"Head of Research, Institutional Equities",,1302134400000,,Nitin Bhasin,Ambit Capital,,510,
"CEO, PE",,,,Nitin Deshmukh,Kotak Mahindra Capital Company,,511,
Senior manager,,1334102400000,,Nitin G,Tata Capital,,512,
Fund Manager,,1264291200000,,Nitin Gupta,IIML Investment Managers Pte Ltd (IL&FS Private Equity),,513,
General Manager Sales,,1418428800000,,Nitin Gupta,Vikram Solar Private Limited,,514,
"Head of Corporate Finance, Investment Banking",,1433203200000,,Nitin Jain,HDFC Bank,,515,
VP - Investments,,1385942400000,,Nitin Naveen Singh,NIIF,,516,
Associate Director-Finance and PPP Expert-Smart City Projects,,1398729600000,,Nitin Suri,AECOM Asia ,,517,
Private Equity,,1295568000000,,Nitish Aggarwal,Everstone Capital - Private Equity,,518,
Principal - Special Solutions,,1358726400000,,Nupur Satija,Amplus Solar,,519,
Executive Consultant New Project,,1368489600000,,Omprasad Mishra,M/s Lottus,,520,
"Director, Project Finance",,1499731200000,,Omri Halevi,BDO Consulting Group,,521,
Vice President Legal,,1303948800000,,Pamela Kar,Barclays Investment Bank,,522,
Investment Director,,1275782400000,,Pankaj Raina,"Zephyr Management, L.P.",,523,
Executive Director,,1253750400000,,Pankaj Sakhuja,Enervello Projects Private Limited,,524,
Business Development Specialist,,1226793600000,,Parag Majumdar,Foreign Trade Policy Advisory Firm,,525,
Chief Operating Officer,,1351036800000,,Parag Sharma,ReNew Wind Power Private Limited,,526,
Chief Executive Officer,,1274227200000,,Paresh Sheth,MNC Investment Bank,,527,
Head: Infrastructure and Real Estate - Investment Banking,,1261440000000,,Parin Mehta,Edelweiss Financial Services,,528,
Vice President - Business Development,,1375228800000,,Parish Gupta,NV Vogt Solar,,529,
Partner,,1253145600000,,Paritosh Dwivedi,Baker Tilly DHC,,530,
Group Chief Security Officer,,1356912000000,,"Parthasarathy P ACA, CISA, CGEIT, CRISC",Largest Bank in GCC,,531,
DGM-Projects Infrastructure,,1390867200000,,Parthiv Jethi,Shaporji Pallonji Infrastructure Capital Company Limited,,532,
Senior Director Human Resources,,1221264000000,,Parul Gupta,Myntra Jabong,,533,
Head- Business Development,,1306713600000,,Parul Kulshreshtha Singh,GMR Hyderabad Air Cargo & Logistics Pvt. Ltd.(formerly Hyderabad Menzies),,534,
"SVP - Corporate Finance, Head - Consumer",,1213228800000,,Parvesh Gupta,HDFC Bank,,535,
Director,,1278633600000,,Patrick Helson,Swordbridge Sdn. Bhd.,,536,
Director,,1396742400000,,Paul Hanrahan,AquaVenture Holdings ,,537,
Chief Executive Officer,,1465171200000,,Paul Kunert,Joule Africa,,538,
Founder and Managing Partner,,1397952000000,,Pavan A. Gupte,Bombay Central Advisors LLP / Gupte Family Office,,539,
Principal,,1479168000000,,Pavan Bhalla,Positive Moves,,540,
Director,,1401667200000,,Pavan Geddam,Palette Business Consulting Pvt. Ltd,,541,
Vice President,,1483747200000,,Pawan Agarwalla,National Investment and Infrastructure Fund (NIIF),,542,
Partner,,1408579200000,,Pawan K,3NS Capital Ventures P. Ltd.,,543,
"Head - South Pacific, South Asia and EMEA- Structured Debt Solutions",,1453334400000,,Peeyush Pallav,DBS Bank,,544,
Policy Adviser,,1424131200000,,Peter Kim,Infrastructure Partnerships Australia,,545,
Director,,1282435200000,,Phalguni R,See & Recruit (India) Pvt Ltd,,546,
Senior Investment Manager,,1249430400000,,"Phanidhar Yella, CFA, CAIA",National Real Estate Co.,,547,
Chief Financial Officer,,1254355200000,,Philip Patman,"VAALCO Energy, Inc",,548,
"Director, Intermediated Equity (Special Projects)",,1452556800000,,Pierre Van Hoeylandt,CDC Group plc,,549,
"CEO, Amp India (AMPSolar India Pvt. Ltd.)",,1334534400000,,Pinaki Bhattacharyya,Amp.energy,,550,
Head Group Executive Office,,1480464000000,,Piush Kothari,Welspun Group,,551,
Partner,,1212883200000,,Piyush Goenka,Tano Capital,,552,
Director (Government - Transaction Advisory Services),,1277769600000,,Piyush Jain,EY,,553,
"Investment Director, Intermediated Equity - Asia",,1219708800000,,Piyush Jhawar,CDC Group plc,,554,
CMD,,1327536000000,,Poornesh K.K,BriCASA Developers and Infra Pvt.Ltd,,555,
Chief Investment Officer,,1497484800000,,Porus Satwe,SNS Group - Middle East & Africa,,556,
Partner,,1551139200000,,PR Srinivasan,Xponentia,,557,
Sr. Vice President (Americas - Tech Services & SaaS) ,,1317513600000,,Prabhu Antony,Sett & Lucas ,,558,
Partner - Transaction Advisory Services,,1386979200000,,Prabhu K M,BDO India LLP,,559,
Partner,,1212451200000,,Prabir Talati,Wingspan Funds,,560,
Managing Director,,1454889600000,,Prahlad Tripathi,Eton Advisors Pvt Ltd,,561,
Chief Executive Officer,,1406332800000,,Prakash V Danthuluri,Cherish Photography,,562,
Private Equity Asia,,1411084800000,,Prakul Kaushiva,CPP Investment Board,,563,
Independent Director,,1212883200000,,Pramod Kasat,Advanced Enzyme Technologies Ltd,,564,
Vice President Business Analytics,,1278633600000,,Pranav Kapoor,EY,,565,
Assistant Vice President,,1548806400000,,Pranav Kotwal,EIG Global Energy Partners,,566,
Principal,,1474070400000,,Pranob Gupta,IIFL Alternate Asset Advisors Limited,,567,
Head - Corporate Communications - India & South Asia,,1257897600000,,Prasanna Kotian,Visa,,568,
Director Of Finance And Operations,,1345593600000,,Prashant Kothari,Cleantech Solar,,569,
Director,,1251417600000,,Prashant Kumar,Indifi,,570,
Founder & Managing Partner,,1436227200000,,Prashant Maniar,Encito Advisors,,571,
Corporate Finance and treasury ,,1454889600000,,Prashant Narkhede,CLP,,572,
Asst Vice President- Investment Banking ,,1410825600000,,Prasshant Sowmithry B,Punjab National Bank Investment Services Limited,,573,
Executive Director,,1403308800000,,Prateek Diwan,Arpwood Capital,,574,
Director,,1493078400000,,Prateek Jhawar,Avendus Capital Private Limited,,575,
Director,,1334448000000,,Pratik Jain,Actis,,576,
Board Director,,1379894400000,,Pratik Nowlakha,Paradise Food Court,,577,
Vice President (North India),,1362960000000,,"Pratik Sethi, CFA",Ambit Private Limited,,578,
Co Founder,,1418688000000,,Praveen Jain,Zast Logisolutions Private Limited,,579,
Professor of Marketing,,1404777600000,,Praveen Kopalle,dartmouth college,,580,
Portfolio Head - SME Banking,,1408406400000,,Praveen Nair,Standard Chartered Bank,,581,
"Appraisal and Risk Evaluation Specialist, ADB TA 8799-IND",,1367452800000,,Premesh Sharma,Asian Development Bank (ADB),,582,
"Head / GM Talent Management, Talent Acquisition Process & Technology & Job Evaluation ",,1307836800000,,Prince Anuraag Mishra,"Mahindra and Mahindra Limited [Automotive, Farm Equipment and Agri Business]",,583,
CEO & MANAGING DIRECTOR,,1435968000000,,Prince Xavier Kuriakose,JIREH GLOBAL INVESTMENTS LIMITED,,584,
"Director, Capital Markets",,1379721600000,,Prithijit Chaudhury,JLL,,585,
Principal & Head- Financial Services at ABC Consultants Pvt Ltd,,1221004800000,,Priti Lathia,ABC Consultants,,586,
Partner,,1421366400000,,Priyanka Mazumdar,The Taplow Group S.A.,,587,
"Director, India - Real Estate & Infrastructure",,1538611200000,,Puneet Alag Singh,GRI Club,,588,
Director - Corporate Lending & Syndications,puneet.chaudhary@gmail.com,1517875200000,,Puneet Chaudhary,InCred - Borrow. With Confidence.,,589,
Associate Director (Equity Research),,1496102400000,,"Puneet Gulati, CFA",HSBC,,590,
Venture Partner,,1422662400000,,Pushpamitra (Pushp) Das,Z Nation Lab,,591,
Head - ECM,,,,PV Krishna,Goldman Sachs,,592,
Director,,1535241600000,,R.Chand Shankar,Horizon Power Consultants,,593,
Advisor to MD,,1425513600000,,R.S. SREENIVAS,Greenko Energies Pvt Ltd,,594,
AGM & Principal - Energy and Infrastructure,,1362268800000,,Rachit Verma,ICRA Management Consulting Services Limited (IMaCS),,595,
Associate Partner,,1278460800000,,Radha Mulani,IKYA Search Partners â€“ A Division of Quess Corp Limited,,596,
Presenter/Commentator,,1253232000000,,Radhakrishnan Sreenivasan,STAR Sports,,597,
"Director - Enterprise, India",,1274227200000,,Raghav Sehgal,Udacity,,598,
MD&CEO,,,,Raghunath T V,Kotak Mahindra Capital Company,,599,
Founder,,1410480000000,,"Raghuraman Ramachandran, CQF",TradeWins Ltd,,600,
Joint Managing Director,,1547942400000,,Rahul  Satpute,UniTech Precision Group | India,,601,
Director,rahulagrawal_us@yahoo.com,1212710400000,,Rahul Agrawal,Actis,,602,
Member of Board,,1372636800000,,Rahul Garg,Future Retail,,603,
Vice President,,1530662400000,,Rahul Garg,SREI Infrastructure Finance Limited,,604,
Chief Executive Officer,,1285286400000,,Rahul Mishra,Rays Future Energy,,605,
Managing Director,,1464998400000,,Rahul Mody,Ambit Corporate Finance,,606,
Chief Strategy Officer,,1474070400000,,Rahul Saikia,FDC Limited,,607,
Vice President,,1524182400000,,Rahul Suri,Yes Securities Ltd.,,608,
Business Director,,1220313600000,,Raina Rawat,Executive Access,,609,
CEO,,1537488000000,,Raj Bhatt,Elara Capital Plc,,610,
Group CEO - Energy Business ,,1399507200000,,Raj Kumar Roy,Hindustan Power Projects Pvt. Ltd. ,,611,
Principal Private Sector Operations,,1539216000000,,Rajat Misra,Asian Infrastructure Investment Bank,,612,
Manager,,1380499200000,,Rajat Misra,Asian Infrastructure Investment Bank,,613,
Sr. Research Analyst,,1502668800000,,Rajeev Darji,Phillip Capital India Pvt. Ltd.,,614,
Managing Director,,1501545600000,,Rajeev M.R.,RSA CORP (www.rsacorp.in) ,,615,
Founder & Managing Partner,,1307664000000,,Rajesh Begur,ARA LAW,,616,
Investment Banking,,1297123200000,,Rajesh Katare,Systematix Capital Services Pvt. Ltd.,,617,
Advisor,,1368489600000,,Rajesh Narayan,Equinox Corporates LLC,,618,
"Vice President, International Finance",,1482883200000,,Rajesh Raghavan,First Abu Dhabi Bank (FAB),,619,
CEO,,1363132800000,,"Rajesh Ranjan, CFA, CAIA",NABVENTURES Limited,,620,
Partner,,1415491200000,,Rajesh Samson,Deloitte Touche Tohmatsu India,,621,
Managing Partner,,1365638400000,,Rajesh Sehgal,Equanimity Investments,,622,
Co-Founder,,1539216000000,,Rajesh Vyas,Shortest Path Pvt Ltd,,623,
,,,,Rajib GUHA,,,624,
Associate Director - International Banking,,1438560000000,,Rajiv Cherian,ANZ,,625,
Executive Director,,1452470400000,,Rajiv Puri,Bharat Heavy Electricals Limited,,626,
Head Of Training And Development,,1259971200000,,Rajiv Vohra,Novo Nordisk,,627,
Vice President - Corporate Advisory Services,,1333065600000,,"RAJKUMAR RATHI, CFA, FRM, CA",ICICI Securities,,628,
Senior Vice President & General Manager - Asia Pacific,,1468281600000,,Rajneesh Wadhwa,Lyte Energy Inc,,629,
Country Head and MD - Investment Banking,,1327536000000,,Rajnish Rangari,Global Trustcapital Finance Private Limited,,630,
Executive Vice President,,1446768000000,,Rajsekhar Budhavarapu,Greenko Group,,631,
Co-Founder & Director,,1345593600000,,Raju Datla,Argo Solar Private Limited,,632,
Head - Investment Banking,,1553817600000,,Rakesh Singh,HDFC Bank,,633,
"Senior Director & Head, Government Relations (India & South Asia)",,1309737600000,,"Ram Rakkappan, Ph.D",Visa,,634,
Managing Director & CEO,,1456099200000,,Ram Walase,VBHC Value Homes Ltd,,635,
Chief Executive Officer - Private Equity,,1468368000000,,Ramakrishna KV,Kotak Investment Advisors Ltd ,,636,
Principal,,1399248000000,,RamaMurty Yadavalli,Y Square Business Solutions,,637,
VP Infrastructure,,1525737600000,,Raman Gupta,Ambit Private Limited,,638,
CFO & Director Finance,,1539216000000,,Raman Jaggi,"Riverdale Commodities (Energy, Mining & Infrastructure)",,639,
Co-Founder & CEO,,1318896000000,,Ramani 'Ram' Ramachandran,ZPX ,,640,
Director,,,,Ramani Ramchandran,Global Advisors,,641,
Proprietor,,1364428800000,,Ramesh Mahay,Ditya Rating Advisors,,642,
Owner,,1398038400000,,Ramprasad M,MAPE Advisory Group,,643,
COO & Business Head-WUBS and New Initiatives,,1291248000000,,Ranu Parwal,Weizmann Forex Ltd,,644,
Managing Director,,1470960000000,,Ranveer Sharma,Vaillant Capital Partners,,645,
Group CEO,,1533600000000,,RaphaÃ«l Walewski,Touax,,646,
Strategy Consultant,,1509494400000,,Rasesh Khetan,Delta Strategic Advisors,,647,
Director,,1413417600000,,Raunak Gupta,The Rohatyn Group,,648,
Regional Credit Manager,,1311206400000,,Ravi Kant,DHFL,,649,
Founder and Director,,1411689600000,,Ravi Subramanian,Iridis Advisory Private Limited,,650,
Deputy Vice President,,1275782400000,,Ravi Udesshi,IndusInd Bank,,651,
Co-Founder,,1302134400000,,Ravinder Vashist,Roots Ventures,,652,
"Chief  - M&A, Strategic Finance & Resurgent Investment Platform",,1446768000000,,RAVINDRA  B  H  SHARMA,TATA Power,,653,
Executive Vice President,,1479168000000,,Ravindranath Ratho,NCC Ltd ( Nagarjuna Constructions),,654,
Director - Energy,,1359590400000,,Razak Khatri,CRISIL Risk & Infrastructure Solutions Limited,,655,
Vice President,,1335225600000,,Reena Gupta,Credence Family Office,,656,
Certification in Anti Money Laundering,,1327536000000,,Reena Srivastava,Indiaforensic Certifications,,657,
Senior Banker - Equity,,1214179200000,,Remy Hassenforder,European Bank for Reconstruction and Development,,658,
Manager - Investment,,1297123200000,,Ribhu Ranjan Baruah,NEDFi Venture Capital,,659,
Consultant,,1418601600000,,Richard Gonsalves,Self,,660,
Business Development,,1248048000000,,Rishaad Currimjee,Currimjee Jeewanjee & Co Ltd,,661,
Zonal Head- Project & Structured Finance,,1517788800000,,Rishi Agarwal,Aditya Birla Finance Limited,,662,
Investment Banking,,1485734400000,,Ritesh Regulapati,IndusInd Bank,,663,
Vice President,,1334188800000,,Ritesh Sahay,IDBI Capital,,664,
"Director, Environment and Social Responsibility",,1436745600000,,Ritu Kumar,CDC Group plc,,665,
Vice Chairman,,1518652800000,,RL Narayanan,Centre for Innovation in Education and Empowerment ,,666,
Executive Director - Chief Investment Officer,,1269302400000,,Robert McGregor,Aboitiz Power Corporation,,667,
CEO,,1504569600000,,Robiul Islam,Mineral & Renewable Energy Resources (MRER),,668,
Managing Partner - Asia,,1515110400000,,Rohan Singh,FINERGREEN,,669,
Partner,,1416355200000,,Rohini Verma,Wadia Ghandy & Co.,,670,
Investment Director,,1473379200000,,Rohit Anand,CDC Group plc,,671,
Mergers & Acquitions,,1310688000000,,Rohit Gupta,EY,,672,
Director,,1287532800000,,Rohit Ramachandran,Actis,,673,
"Member, Finance",,1482624000000,,Rohit Singh,National Highways Authority of India,,674,
Principal,,1356048000000,,Rohith Bhandary,ICICI Venture,,675,
AVP,,1303948800000,,Rohitt Mutthoo,Multiples Alternate Asset Management,,676,
Managing Director,,1340841600000,,Ronesh Puri,Executive Access India Private Ltd,,677,
Co Founder,,1340755200000,,Runit Shah,Velvetcase.com,,678,
Vice President - Change Management,,1305158400000,,Rupal Agarwal,Nomura,,679,
Co-Founder,,1302134400000,,Rupert J. Strachwitz,TR8CY UK Limited,,680,
"CEO, Asia and the Middle East",,1496016000000,,Rupert Purser,LFA - Middle East & Asia,,681,
Investment Professional,,1548806400000,,Ruthvic Prabhala,Brookfield Asset Management,,682,
Partner &  Director,,1349136000000,,S Venkatraman,Rabo Equity Advisors,,683,
Author,,1328400000000,,S. Venkatesh,KAALKOOT - The Lost Himalayan Secret,,684,
director,,1452297600000,,S.B.PRADEEP KUMAR,,,685,
Head of Private Equity,,1429228800000,,SÃ¸ren Thinggaard Hansen,Industriens Pension,,686,
Chairman's Office,,1381104000000,,Sabah Ghoghari,Welspun Group,,687,
Partner,,1279929600000,,Sachin Bhartiya,Lighthouse Funds,,688,
"Consultant - Healthcare Marketing, Strategy, Communications",,1398124800000,,Sachin Parekh,Indepndent Consultant,,689,
Managing Director,,1453334400000,,Sachin Wagle,Morgan Stanley,,690,
Leader Power: Middle East & South Asia,,1513814400000,,Sadiq Shafiq,Mott MacDonald,,691,
Buy-side Analyst 2 at Goldman Sachs Asset Management,,1538438400000,,Sahil Makkar,Goldman Sachs,,692,
Group Vice President,,1250553600000,,Sahil Singla,Ind Barath Power,,693,
Executive Director,,1372809600000,,Saket Jain,CapitalSquare Group,,694,
Managing Director Investment Banking,,1248480000000,,Sam Kamath,EA Markets,,695,
Engineering Manager,,1482278400000,,Sameer Dronamraju,BlueJeans Network,,696,
Chief Operating Officer,,1451260800000,,Sameer Kanse,GlobalGyan Academy of Management Education,,697,
Senior Management,,1433894400000,,Samil Vora,Allana Group  (PR / Business Develomnent / CSR,,698,
Head Project Finance,,1362268800000,,Samir Adbe,bank muscat,,699,
Director - Capital Markets,,1418428800000,,Samir Agarwal,Northern Arc Capital (erstwhile IFMR Capital),,700,
Senior Director,,1411516800000,,Samir Sharma,Bay Capital Advisors,,701,
President,,1268611200000,,Samir Somaiya,Somaiya Vidyavihar,,702,
Co-Founder & Managing Partner,,1333152000000,,Samrat Ganguly,Velos Partners,,703,
Special Situations Group,,1517788800000,,Sandeep Agarwal,L&T Financial Services,,704,
Business Transformation & Change Specialist,,1464998400000,,Sandeep Dutta,Reliance Industries Limited,,705,
Senior Dy. General Manager (Business Development),,1371600000000,,Sandeep Kohli,L&T-Sargent & Lundy Limited,,706,
Head- M&A and BD,,1278633600000,,Sandeep Lakhanpal,Cube Highways & Transportation Assets Advisors (P) Ltd,,707,
Vice President,,1222387200000,,Sandeep Patil,Essel Infraprojects Ltd,,708,
Head - Consumer and Commercial Lending,,1228089600000,,Sandeep Patil,Flipkart,,709,
Managing director,,1379721600000,,SANDEEP REDDY,Gayatri projects ltd,,710,
Associate Director,,1363910400000,,"Sandeep Surana, CFA",Qatar Abu Dhabi Investment Company,,711,
MD & CEO,,1409184000000,,Sandeep Upadhyay,Centrum Infrastructure Advisory Limited,,712,
VP & Service Delivery Head - Research,,1438560000000,,Sandip Poddar,Sutherland Global Services,,713,
Chief Executive Officer,,1501545600000,,Sang H. Lee (ì´ìƒí™”) (ï§¡ç›¸å’Œ),DarcMatter,,714,
Chief Financial Officer (CFO),,1277856000000,,Sanjay Agarwal,NCB Capital - Dubai,,715,
Partner,,,,Sanjay Doshi,KPMG,,716,
Partner,,1533427200000,,Sanjay Doshi,KPMG India,,717,
Director & CEO,,1275782400000,,Sanjay KUMAR,Karaat Infrastructure Development Private Limited,,718,
Assistant Vice President,,1496016000000,,Sanjay Modi,Tata Capital Financial Sevices Ltd,,719,
Corporate Banking,,1536019200000,,Sanjay Parida,Axis Bank,,720,
Partner,,1399248000000,,Sanjay Sah,Deloitte,,721,
Managing Partner & CEO,,1380931200000,,Sanjay Sethi,Nestor Capital Consulting LLP,,722,
President Corporate Finance,,1375228800000,,SANJAY SINGH,India Power,,723,
Team Leader,,1242000000000,,Sanjeeta Aggarwal,Transport for NSW,,724,
"Founder, Managing Director & CEO",,1380499200000,,Sanjeev Aggarwal,Amplus Solar,,725,
Project Finance,,1253664000000,,Sanjeev Kumar,ICICI Bank Ltd,,726,
"Associate Director, Refining Technology Consulting, EMEA Region, at KBR Inc.",,1253145600000,,Sanjeev Mallick,"KBR, Inc.",,727,
Vice President,,1311120000000,,Sanjeev Mehra,WestBridge Capital India Advisors,,728,
Strategic Management Consultant,,1521590400000,,Sanjeev Rajput,Self Employed,,729,
Director Investment Real Estate,,1227657600000,,Sanjeev Rastogi,Edelweiss Capital Limited,,730,
Lead Adviser - SIDBI /World Bank -  MSME Finance,,1213488000000,,Sanjib Jha,World Bank Group,,731,
Partner,,,,Sanjiv Aggarwal,Actis,,732,
Sr Vice President Company Secretariat,,1428883200000,,Sanjyot Rangnekar,LODHA Group,,733,
Executive Assistant to Group CFO,,1409184000000,,Santosh Jhawar,ACG Worldwide,,734,
AVP,,1380499200000,,Sapan Goyal,Edelweiss Capital,,735,
DGM Finance,,1274227200000,,Saravanan K,St. John Freight Systems Ltd,,736,
Vice President,,1289088000000,,Saravanan Nattanmai,Premji Invest,,737,
Associate Principal,,1302048000000,,Sarfaraz Khan,EMA Partners India,,738,
Chief Manager,,1362268800000,,Satwik Reddy Ramireddy,Bennett Coleman and Co. Ltd. (Times Group),,739,
Manager - Investment Banking,,1504569600000,,Satyajit Nair,Makven Capital Pvt. Ltd,,740,
Co Founder  & COO ,,1490832000000,,Satyanarayana Vaddi,GoldMargh Venture Capital ,,741,
Consultant,,1524182400000,,Saurabh Dixit,KPMG Global Services (KGS),,742,
Chief of Staff,,1398643200000,,Saurabh Kamdar,CRISIL Limited,,743,
Executive Search,,1446768000000,,Sebastian Smith,Drayton Finch,,744,
Director,,1407196800000,,Serbjeet Kohli,Steer,,745,
Managing Director,,1256515200000,,seshadri akella,Dakshesh Energy Pvt Ltd,,746,
Managing Partner,,1483747200000,,Setu Divekar,Wellspring Advisory Services LLP,,747,
Partner,,,,SG Shyam Sundar,Margan Stanley Infra Fund - India,,748,
CEO,,1334534400000,,Shailesh PATHAK,L&T Infrastructure Development Projects Limited,,749,
"Regional Talent Lead - India, Mid-East and Africa",,1395792000000,,Shalini Mall,Boeing,,750,
Senior Investment Manager,,1276646400000,,Shamik Chatterjee,ARA Infrastructure,,751,
Senior Investment Analyst,,1242691200000,,Shamik Shah,Sheffield Asset Management,,752,
Consultant,,1309737600000,,Shanku K. Bhardwaj,umba consulting,,753,
Director & CEO,,1285286400000,,Shantanu Bagchi,Indian Energy Limited,,754,
Managing Principal,,1398988800000,,Shantanu Roy,Valuelements Consulting,,755,
Associate Director Capex MRO Procurement,,1225324800000,,Shantibhushan Mulimani,Anheuser-Busch InBev,,756,
Associate,,1323907200000,,Sharad Bhojnagarwala,General Atlantic Partners,,757,
Managing Director & Head - India,,1222041600000,,Sharat Goyal,AMP Capital Investors,,758,
Director - Asia Research Sales,,1399939200000,,Shashank Abhisheik,Haitong International Securities Group Limited,,759,
Co-Founder and CEO,,1404086400000,,Shashank Arun,Crowbar,,760,
"Associate Vice President, Transaction Advisory Services ",,1320624000000,,Shashank Kharidehal,EY,,761,
EVP & Head  Treasury and Markets,,1536710400000,,shashikant rathi,Axis Bank,,762,
Vice President,,1534723200000,,Shaurav Khemka,ICRA,,763,
Chief Executive Officer,,1496016000000,,Shekhar Nerurkar,Tecare,,764,
Team Manager,,1504569600000,,Shilpi Bhatia,L&T Financial Services,,765,
Managing Director,,1472601600000,,Shiraz Bugwadia,o3 Capital,,766,
,,1426982400000,,Shirish Navlekar,Self-employed,,767,
Admin & Office Manager,,1466035200000,,Shital Shirke,Kirloskar Industries Limited,,768,
"Associate Director- Private Equity, Consulting & IB",,1531353600000,,Shivani Desai,Michael Page,,769,
"Chartered Accountant by Passion, Amateur Blogger",shivaniashu@yahoo.com,1296604800000,,Shivani Mahandru,Freelancing,,770,
Partner & Leader - Urban Infrastructure,,1443657600000,,Shivanshu Chauhan,PwC,,771,
"Executive Leader, Growth Offerings & Initiatives",,1488153600000,,Shivkumar Kalyanaraman,GE Power Conversion,,772,
Partner,,1399939200000,,Shivram Subramanian,FinFirst Capital Advisors Pvt Ltd,,773,
Managing Director & CEO,,1520985600000,,Shobhit Maleta,IndeCampus Student Accommodations,,774,
Managing Partner,,1224201600000,,Shomik Mukherjee,Yoda Health LLP,,775,
Principal Associate,,1512864000000,,Shounak Mitra,Khaitan & Co,,776,
Senior Consultant,,1418256000000,,Shraddha S,Executive Search Firm,,777,
Director- Client Coverage,,1522195200000,,"Shradha Kejriwal ,FRM",InCred - Borrow. With Confidence.,,778,
Managing Director,,1453507200000,,Shrenik Vora,Novem Advisors Pvt. Ltd.,,779,
AVP - Investment Banking,,1438905600000,,Shreyas Goel,Kotak Investment Banking,,780,
Partner & MD : Private Equity-  Real Estate -Impact Investments,,1248566400000,,Shridhar Sethuram,Suyash Advisors,,781,
Director,,1497830400000,,Shrihari Allangala,"WiseLane Ventures Pvt Ltd.,",,782,
Director,,1444780800000,,Shrikant Bahadkar,Greenhill Consulting LLP,,783,
Vice President Sales,,1424649600000,,Shrikant Tiwari,Valuefy,,784,
Managing Director,,1410393600000,,Shrikishan Agarwal,DONNEL India Pvt Ltd,,785,
Head - Equity Advisory,,1289952000000,,Shriram Kannan,L&T Infrastructure Finance Co Ltd,,786,
"Founder, General Partner",,1493078400000,,Shujaat Khan,Rida Capital,,787,
Invesment Associate,,1362960000000,,Shuvodip Mukhopadhyay,Green INfra Ltd,,788,
Vice President,,1435276800000,,Shweta Markandeya,Mumbai Angels,,789,
Managing Director & Co-Head India,,1404000000000,,Shyam Sundar S.G,Morgan Stanley Infrastructure,,790,
Director,,1297123200000,,Siddharth Jaswa,Investment Banking,,791,
Co-Founder,,1334707200000,,Siddharth Patodia,iGenetic Diagnostics Pvt Ltd,,792,
Executive Director and Member of the Board,,1508889600000,,Sidharath Kapur,GMR Airports Limited,,793,
General Manager & Head Passenger Experience,,1245196800000,,Sidharth Mouli,DELHI INTERNATIONAL AIRPORT PRIVATE LIMITED,,794,
,,,,Sidhartha Suri,Actis,,795,
Owner,,1278288000000,,siva kumar,Panya Solutions Private Limited,,796,
Chief Financial Officer,,1292630400000,,Smriti Gupta,Neuron Mobility,,797,
Managing Director,,1465084800000,,SN Subramanya,Aquarius Investment Advisors Pte Ltd.,,798,
Assistant Vice President,,1400544000000,,Sneha Patil Mulye,IndusInd Bank,,799,
Partner,,1213401600000,,Snehal Shah,Fairwinds Private Equity,,800,
Principal Correspondent,,1329868800000,,Sobia Khan,The Economic Times,,801,
Partner,,1295568000000,,Som Saini,"S G J  &  CO,  Chartered Accountants",,802,
Director - Corporate Finance,,1402358400000,,Somika Agarwal,KPMG India,,803,
Vice President,,1217808000000,,Sonam Sabikhi,Macquarie Infrastructure and Real Assets,,804,
Director,,1276646400000,,Soni Shah,NB Tea Estates,,805,
Business Mediator and Transactions Advisor ,,1362268800000,,Sooraj Dhawan,FALCON INFOCOMM PRIVATE LIMITED,,806,
Partner / Head of Professional Services,,1327881600000,,Sourabh Chattopadhyay,Wellesley Partners,,807,
Founder & Head of Acuity Law,,1331251200000,,Souvik Ganguly,Acuity Law,,808,
Executive Vice President,,1521417600000,,Sreekumar Chatra,Edelweiss Infrastructure Fund,,809,
PROJECT CONTROLS,,1398643200000,,Sreenivas Bandaru,A LEADING EPC GROUP,,810,
"Principal, Corporate Finance Group",,1254182400000,,Srickant Rajagopal,Piramal Capital & Housing Finance,,811,
Co-Founder,,1372636800000,,Sridar Swamy,Atsuya Technologies Pvt. Ltd.,,812,
Vice President & Head - Commercial,,1259366400000,,Srikanth Bhandarkar,GMR Goa International Airport Limited ,,813,
Technical Product Manager,,1228694400000,,Srikanth Guduru,GE Digital,,814,
CEO,,1373068800000,,Srikanth KV,Boyance Engineering & Services Pvt. Ltd.,,815,
Legal,,1372032000000,,Srikar Gopal Rao,Essar Group,,816,
Co-chair - Financial Services Committee ,,1213228800000,,Srinath Sridharan,US-India Strategic Partnership Forum,,817,
Managing Director,,1365465600000,,Srinivas Baratam,Kriscore Financial Advisors,,818,
Managing Director,,1342051200000,,Srinivasa Reddy Reddy (RSR),Silversand Infratech Private Limited,,819,
Head - South Asia,,,,Srinivasan N,CDC,,820,
Head Business Process Management,,1260144000000,,Sriram Balasubramanian,BASF,,821,
Chief Investment Officer - Private Markets,,1297123200000,,"Sriram Jaganmohan,  ACA, CFA, FRM",Miras Investments,,822,
Associate,,1421107200000,,Stanley Lobo,Wellesley Partners,,823,
Global Knowledge & Information Manager,,1244678400000,,Stuart Jackson,Actis,,824,
Head - Infrastructure Fund Business,,1285286400000,,Subahoo Chordia,Edelweiss Financial Services,,825,
Executive Director - Finance & Strategy,,1380326400000,,Subba Rao Amarthaluru,CLP,,826,
CFO,,1383696000000,,Subba rao Telidevara,Mu Sigma Inc.,,827,
CFO/Director Finance,,,,Subbarao A,RPG Group,,828,
Senior Vice President,,1517961600000,,Subhashish Saha,Blend Financial Services Ltd,,829,
Group CEO,,1483660800000,,Subhrarabinda Birabar,Sandhu Group,,830,
Corporate Director,,1537315200000,,Subroto Chakraborty,PE/VC Advisory,,831,
Managing Director,,1360886400000,,Suchit Punnose,Red Ribbon Fund Management Limited,,832,
Associate Vice President,,1540857600000,,Sudharshan Kedia,"Resurgent India Limited, Investment Banking",,833,
Co-Founder,,1266710400000,,Sudheendra Kumar,Yuvamorcha .com,,834,
Independent Entrepreneur,,1379462400000,,Sugandha Khunteta Agarwal,Self employed,,835,
Director,,1254096000000,,Sugandhi Matta,LeapFrog Investments,,836,
Chairperson,,1341360000000,,Sujit A,Energy Development Council,,837,
AVP Corporate Finance,,1489536000000,,Sukant Gupta,ReNew Power,,838,
Investment Professional,,1496016000000,,Suken Shah,ART Special Situations Finance (I) Ltd,,839,
Principal,,1389657600000,,Suketu Kumar,ICICI Venture,,840,
Scholar - Financial Services,,1282435200000,,Sumeet Mehta,Gerson Lehrman Group,,841,
Business Head,,1537315200000,,Sumit Somani,UJAAS ENERGY LTD.(FORMERLY M AND B SWITCHGEARS LTD.),,842,
Business Head Infrastructure Finance,,1449532800000,,Sunil Agrawal,Reliance Commercial Finance Ltd.,,843,
CEO& ED,,1401667200000,,Sunil Jain,Hero Future Energies Pvt Ltd,,844,
Chief of Investor Relations and M&A,,1260921600000,,Sunil Parnami,AU SMALL FINANCE BANK,,845,
Managing Director,,1321056000000,,Sunil Thakur,Quadria Capital,,846,
"Mentor, Advisor",,1465430400000,,Sunil V Diwakar,AIEE,,847,
Partner,,1332633600000,,Sunit Mehra,Hunt Partners,,848,
Director,,1310688000000,,Sunny Garg,KareXpert Technologies Pvt Ltd,,849,
Assistant Vice President,,1275782400000,,Sunny Sabharwal,Centrum Financial Services Ltd.,,850,
Business Consultant,,1345593600000,,Suraj Chatrath,Equinix,,851,
"Lead, Origination",,1513641600000,,Suraj Kumar Singh,Hero Fin Corp Ltd,,852,
Head,,,,Suresh Goyal,Macquarie India,,853,
Finance Manager,,1368489600000,,Sushant Tyagi,MAJESTIC AUTO LTD,,854,
President,,1528761600000,,Sushil Kedia,Association of Technical Market Analysts,,855,
Managing Director / Head of the UK,,1501545600000,,Sushil Singh,Choice Peers International,,856,
"Sr. VP & Head - Holiday Sales, Revenue & Operations",,1257984000000,,Sushil Verma,MakeMyTrip.com,,857,
Senior Vice President,,1257552000000,,Suvajit Das,YES SECURITIES (INDIA) LIMITED,,858,
Associate - Investments ,,1398729600000,,Swapnil Sawant,Cerberus Capital Management,,859,
Managing Partner,,1446768000000,,"Swapnilsagar Vithalani, CA, CFA",Cumulative Ventures LLP,,860,
Senior Associate,,1229644800000,,Tamara Devanandan,J. Sagar Associates,,861,
Managing Partner,,1399939200000,,Tanmay Kedia,V Capital Services,,862,
"Investor - Equities - Capital markets, India",,1297123200000,,Tanmoy Sarkar,,,863,
HR- Banking & Financial Sector,,1264377600000,,Tanya Mathur,TeamLease Services Pvt Ltd,,864,
Managing Director,,1523232000000,,Tarun Bansal,India Ratings & Research - A Fitch Group Company,,865,
Former Director,,1289174400000,,"Tarun Bansal,   Financial Engineer","Talisman Global Opportunity Fund ,NY,USA",,866,
Senior Vice President Finance,,1398643200000,,Tarun Jaitly,Hindustan Power Projects Private Limited ,,867,
"Global Logistics, Program Manager ",,1248048000000,,Teesha Roy Chowdhury,Google,,868,
Director Corporate Development,,1524355200000,,Toby Simes,KPMG Australia,,869,
Corporate Financier & Financial Engineer,,1411603200000,,Tony Singh,Euro-Asia Advisors,,870,
Partner,,,,Tony Singh,Global Trading Offshore,,871,
"DGM Finance, strategy and investor relations",,1317686400000,,Tripurari Kumar,UNO MINDA Group,,872,
Vice President,,1536192000000,,TVS Rao,HDFC Bank,,873,
Project cost control and Project Finance of 2 Billion USD Power Project,,1508889600000,,Ujjwal Kumar Gupta.,A power generating company,,874,
Associate,,1313452800000,,Ujwal Goenka,Lincoln International,,875,
Mergers and Acquisitions,,1493078400000,,Umesh Nihalani,VFS Global,,876,
"Senior Manager - Origination, Trading and Marketing",,1297123200000,,Utkarsh Mehta,H-Energy Group Of Companies,,877,
Partner,,1487721600000,,V S,J. Sagar Associates,,878,
Chief Executive Officer,,1410825600000,,V Vasudevan,Fengfu Consulting Group,,879,
Principal Climate Change Specialist    (Fund Manager - Future Carbon Fund),,1367798400000,,V.K. Duggal,Asian Development Bank,,880,
Vice President,,1297123200000,,Vaibhav Doshi,Edelweiss Financial Services,,881,
Managing Director,,1538092800000,,Vaibhav Gangwal,AV Debt & Capital Advisory Services,,882,
EVP & Chief Financial Officer,,1398643200000,,Vaidyanathan Mahadevan,Polaris Consulting & Services Ltd,,883,
Senior Sales Manager,,1365811200000,,Vaidyanathan Subramanian,Sognare Systems LLP,,884,
"Vice President, Learning & Talent Development",,1253404800000,,Vaishali Pachchhapurkar (SHRM-SCPÂ®),Genpact,,885,
Business Development Manager,,1481932800000,,Valeriya Kravchenko,IQPC Middle East,,886,
Partner,,,,Vamesh Chovatia,Tata Capital,,887,
Partner - Healthcare Fund,,1428969600000,,Vamesh Chovatia,Tata Capital Limited,,888,
"CEO, Founder",,1268006400000,,Vamsee Chittajallu,OrderTron - Web & Mobile Ordering Solution for Food Service Retailers & Suppliers,,889,
MD,,,,Varun Bajpai,JM Financial,,890,
"Executive Vice President & Head of Equity, Structured Finance & M&A",,1219708800000,,Varun Gupta,Hindustan power projects,,891,
DGM,,1342137600000,,Venkat ram,Ramse engineering,,892,
Executive Director  Head of Investment Banking,,1371600000000,,Venkata Chalam Durvasula,Capital Fortunes Private Limited,,893,
DEPUTY DELEGATE,,1516060800000,,VENKATA RAO POSINA,DASSAUT INTERNATIONAL,,894,
CFO,,1489449600000,,Venkata Raveendra Ravi,"Jawed Habib Hair & Beauty Limited, India's Largest Salon Chain",,895,
Manager-Wholesale Business Group,,1497830400000,,Venkatakrishnan Vaidyanathan,L&T Infrastructure Finance Co Ltd,,896,
Senior Director,,1486252800000,,Venkataraman R,Alvarez & Marsal,,897,
Director,,1253145600000,,Venkatesh S,IMAP - Global Mergers & Acquisitions Advisory,,898,
Director,,1307577600000,,venkatesh Vijayaraghavan,Savoir faire Management Services Pvt. Ltd,,899,
Director,,1391990400000,,Venugopal Nyalapelli,JM Financial,,900,
Partner,,1219708800000,,Venugopal V,Vishwak Constructions,,901,
Head Of Institutional Sales,,1302134400000,,Vibhu Agarwal,Essel MF,,902,
Founder & CEO,,1259971200000,,Vidur Dayal,Credence Advisors,,903,
"Co-Founder, Managing Director & CEO",,1466035200000,,Vijay Agarwal,DOIT Smart Infrastructure (India) Private Limited,,904,
Senior Consultant,,1312848000000,,Vijay Gorugantu,ITPI Staffing Solutions,,905,
Private Equity Consultant,,1297123200000,,Vijay Grover,akasam consulting private limited,,906,
Director,,1295136000000,,Vijay Jacob,NewQuest Capital Partners,,907,
Managing Director,,1220313600000,,Vijay Kamath,Cleaves Asia Pte Ltd,,908,
,,,,Vijay Pattabiraman,JP Morgan,,909,
Founder Chairman & CEO,,1300924800000,,Vijay Sirse,vTrium Energy Pte Ltd,,910,
Director Vertical Market - Motor Insurance,,1367712000000,,Vijaykumar  KP,LexisNexis Risk Solutions,,911,
Partner,,1534377600000,,Vijaykumar Thayil,Tsirkon Capital,,912,
Chief Executive Officer,,1496620800000,,Vikaas M Sachdeva,Edelweiss Asset Management,,913,
Partner,,1527552000000,,"Vikas Gupta CA, CISA",Haribhakti & Co.,,914,
Head institutional business,,1496620800000,,VIKAS RAJORIA,ZEN,,915,
CEO,,1505865600000,,Vikas S Agarwal,Credit Gate Private Limited,,916,
Head of Strategy and M&A,,1279670400000,,Vikas Somani,Essel Group,,917,
Corporate lending and Structured Finance ,,1441670400000,,Vikas Trivedi,Aditya Birla Finance Limited,,918,
Structured Investment Group,,1533686400000,,Vikasdeep Gupta,Piramal Enterprise Limited,,919,
Investment Banking Specialist,,1314576000000,,Vikash Bagla,Independent,,920,
Partner,,1436227200000,,Vikram Bohra,PwC Singapore,,921,
Head - Corporate Finance,,1309737600000,,Vikram Gupta,"DP World, SCO",,922,
Managing director and Chief Executive Officer,,1482019200000,,Vikram Kailas,Mytrah Energy (India) Limited,,923,
Director,,1436745600000,,Vikram Mehta,SSKM Corporate Advisory,,924,
Associate Principal,,1461801600000,,Vikram Pradeep,Piramal Capital - Corporate Finance Group,,925,
Vice President - Risk & Policy,,1254009600000,,Vikram Rathi,Clix Capital,,926,
Director,,1392940800000,,Vimal Kamdar,JVH Advisors Pvt Ltd,,927,
Senior Client Partner - Global Technology Markets ,,1399248000000,,Vinay Menon,Korn Ferry,,928,
Director,,1316563200000,,Vincent Rajendran,i2india/Venture Factory/Technovate,,929,
President & Managing Director - Corporate Finance,,1380499200000,,Vinod Bahety,YES Bank Ltd,,930,
Founder and Managing Director,,1424822400000,,Vinod K Kala,Emergent Ventures India Pvt Ltd,,931,
Founder & President,,1372032000000,,Vinod Kalkotwar,Kalozal Consultants Pvt. Ltd,,932,
Managing Director - Investment & Financing at GE Capital,,1254960000000,,Vinu Saini,GE Capital,,933,
Partner,,1485820800000,,Viraj Mahadevia,IIFL Wealth - AMC,,934,
Business Unit Head - Mumbai,,1269302400000,,Virat Srivastava,Lava International Limited,,935,
Managing Director,,1212883200000,,Viren  V Jadhav,EmerCorp Capital,,936,
Investor & Coach,,1348531200000,,Vish Sivaswamy,ZAMSTARS,,937,
Founder,,1300924800000,,Vishal Dixit,Adya Higher Medicine,,938,
Project Manager/ Project Consultant/Project Control,,1259020800000,,Vishal Soni,Saudi Telecom Company,,939,
Senior Manager - Secretarial & Legal,,1401667200000,,Vishal Tembe,Siemens Limited,,940,
Country Head - Turkey,,1215129600000,,Vishnu N,Jindal Stainless Limited,,941,
Founder & CEO,,1428883200000,,Vishnu Vasanth,RenewGEN,,942,
Principal : Coal,,1251590400000,,Vishwanath Ananthakrishnan,Trimex,,943,
Vice President - Head - EMEA - Financial Reporting,,1382659200000,,Vishwanath Krishnan,JPMorgan Chase & Co.,,944,
"Non-Executive Director, Member of the Board",,1265846400000,,Vivek M Dixit,Oil & Gas industry services,,945,
SVP,,1553817600000,,Vivek Nigam,HDFC Bank,,946,
VP Corporate Finance,,1297123200000,,Vivek Vikram,Prrsaar Consultancy Services Pvt. Ltd.,,947,
Member Board of Directors,,1441411200000,,Waqas Anwer,Hyderabad Electrical Supply Company Ltd (HESCO),,948,
Senior Counsel - Provider Solutions/Supply Chain/Buy-Side Distribution,,1222128000000,,Wayne J. White,McKesson,,949,
,,,,William Daley,,,950,
CFO - Kamalanga TPP and Renewables at GMR Energy,,1523750400000,,Yash Arora,GMR Energy,,951,
Independent Investment Banker - Special Financial Situations Resolution,,1417737600000,,Yash Jain,Friends & Partners ,,952,
Chief Executive Officer & Executive Director,,1246320000000,,Yashodhan Sathe,Athena Capital Services Pte Ltd,,953,
Director - HR Advisory & Outsourcing,,1252368000000,,Yogish Arora,HR Anexi Pvt. Ltd.,,954,
"President, Head Strategy",,1228089600000,,Yudi Bahl,RattanIndia Finance Private Limited,,955,
Manager Recruitment,,1550620800000,,Zahidur Khan,Grey Faalcons Search Pvt Ltd.,,956,
